lang,text
deu,Sie ging über die sieben Berge zu den sieben Zwergen.
deu,"Es ist der gleiche Esel, aber ein anderer Sattel."
deu,Darf ich an deinem Rechner meine Netzpost nachsehen?
deu,Wie viel macht sieben mal drei?
deu,Sie hat ihn schreien hören.
deu,Ich hätte das auch ohne Ihre Hilfe geschafft.
deu,Schon lockt labende Ruhe.
deu,"Ich beabsichtige, eine Woche lang hier zu bleiben."
deu,Tom ist schlagfertig. Ihm fällt zu jeder Situation in Windeseile eine passende Bemerkung ein.
deu,Es gibt dir ein jüngeres Aussehen.
deu,Ich vertraue ihm überhaupt nicht.
deu,Sein Großvater ist letztes Jahr an Krebs gestorben.
deu,„Die Amsel verhaspelt sich am Ende der Melodie immer.“ – „Sie ist sicher noch jung und muss das Zwitschern erst lernen.“
deu,"„Tom will wissen, welches der Bücher am interessantesten ist.“ – „Woher soll ich das denn wissen? Ich habe keines davon gelesen.“"
deu,Besuchen Sie uns! Wir haben ein Gästezimmer für zwei Personen.
deu,Die Band erzeugte eine ohrenbetäubende Klangmauer.
deu,"„Ich dachte, Tom wäre Deutscher.“ – „Nein, weit gefehlt! Er ist Bayer. Hörst du das denn nicht?“"
deu,"Sie sagte, es sei wichtig."
deu,"Halt den Rand, Idiot!"
deu,Schlafe gut und träume süß!
deu,"Bitte verzeih mir, dass ich so unbeholfen bin."
deu,Das geht mir am Arsch vorbei.
deu,"Wenn die Auseinandersetzung beendet ist, ist alles anders."
deu,Wir waren gute Kameraden.
deu,Wen sollte ich in Kenntnis setzen?
deu,Dieser Wein schmeckt ziemlich schlecht.
deu,Tom sprang über den Bach hinüber.
deu,Das Rindfleischetikettierungsüberwachungsaufgabenübertragungsgesetz wurde unter geändertem Namen verabschiedet.
deu,Tom und ich sind ziemlich gut befreundet.
deu,"Denn von oben kommt Verführung, wenn's den Göttern so beliebt."
deu,Könnten Sie Ihre Scheinwerfer einschalten?
deu,Der Bürgermeister händigte mir meinen Personalausweis aus.
deu,Kommen Sie jetzt mit mir.
deu,Es tut uns auch leid.
deu,Bitte halten Sie den Mund!
deu,Ich habe sein Autogramm nicht bekommen.
deu,Hier ist eine große Deutschlandkarte.
deu,Er war ein Dichter und ein Diplomat.
deu,Komm mir nicht zu nahe. Ich bin erkältet.
deu,Sie sind schwer bewaffnet.
deu,Sie spielten zusammen Fußball.
deu,Sehen Sie im Laden von Essen und Trinken bitte ab!
deu,"Das ist es also, womit ich meinen Lebensunterhalt verdiene."
deu,Tom hat sein Versprechen nicht gehalten.
deu,Ich kann noch kein Russisch.
deu,Willst du nicht mit einem Rechtsanwalt sprechen?
deu,Meine Batterie geht zu Ende.
deu,"„Hättest du Lust auf Kino?“ – „Ach, nein, Tom, nicht heute. Ein anderes Mal!“"
deu,"Wenn du dich selbst nicht liebst, tut’s auch niemand anderes."
deu,Wer hat diesen ganzen Schwachsinn verzapft?
deu,Die Türkei ist kriegsbereit.
deu,"Es ist toll, dass wir endlich eine Einigung erzielt haben."
deu,"Wir pflückten Äpfel, um einen Kuchen vorzubereiten."
deu,Es gibt in diesem Museum keine lebendigen Tiere.
deu,"Ich liebe alles Französische, insbesondere den Käse."
deu,"Ich denke, du wirst es mögen."
deu,Königin Elisabeth II hat während ihres Lebens zahlreiche Titel und Auszeichnungen erhalten.
deu,Wir sind nicht mit ihr verwandt.
deu,"Tom lügt schon wieder, nicht wahr?"
deu,Der harte Winter hat seine Spuren hinterlassen.
deu,"Er gelobte, mit dem Rauchen aufzuhören."
deu,Maria hat sich erhängt.
deu,Tom hat deine Frage nicht beantwortet.
deu,Habe ich dir den Schlüssel gegeben?
deu,Bitte öffnen Sie das Fenster.
deu,Maria benutzt die Nähmaschine sehr geschickt.
deu,Es läuft alles wie am Schnürchen.
deu,"Das sind die einzigen Regeln, die Sie sich merken müssen."
deu,Er hat den Film gestern Abend gesehen.
deu,"Ich sagte mir, Sie hätten vielleicht gerne ein Getränk."
deu,Schlagt euer Buch auf Seite 59 auf.
deu,"Tom ist schlimm, grimm und besser nicht zu kennen."
deu,Der Boden seines Ackers ist sehr fruchtbar.
deu,Maria hat ein geringes Selbstwertgefühl.
deu,"Er sieht so als, als wäre er krank gewesen."
deu,Lass uns etwas essen! Ich habe Hunger.
deu,John hat viele Flaschen Wein getrunken.
deu,Mich plagen Winterdepressionen.
deu,"Tom hat starke Schmerzen, aber er halte es aus, so sagt er."
deu,Der Zug kam in London an.
deu,"Es gibt viele Leute, die das nicht tun können."
deu,"Manche sehr aktive Menschen werden sehr alt, weil ihnen zum Sterben die Zeit fehlt. Andere sterben sehr jung, weil sie sich nicht genügend Zeit zum Leben gönnen."
deu,"Tom mag alles, was süß ist."
deu,Der Winter hat uns noch fest im Griff.
deu,"Ich glaube, ich habe vergessen, die Tür zuzusperren."
deu,"Wer glücklich ist, kann glücklich machen, wer's tut, vermehrt sein eignes Glück."
deu,"Stell es hin, wo du willst."
deu,"Seit sie einen neuen Freund hat, hat sich ihre Einstellung geändert."
deu,Ich bin nicht dein Lehrer.
deu,"Meinst du, wir sollten den Arzt rufen?"
deu,Diese Schuhe sind zu groß für mich.
deu,"Ich will dich noch einmal sehen, bevor du wegfährst."
deu,Sie ignorierte mich.
deu,Wir haben von einigen Eltern Beschwerden bekommen.
deu,Tom schaute nach oben.
deu,Warum entschuldigst du dich nicht einfach?
deu,Familienmitglieder haben oft ähnliche Gesichter.
deu,Kannst du Altgriechisch?
deu,Tom wurde mit einem Defibrillator wiederbelebt.
deu,"Nein, ich habe keine an."
deu,Ich mag nicht mehr krank sein.
deu,"Ist das so überraschend, dass er durchgefallen ist?"
deu,Denkst du auf Französisch?
deu,Vielleicht ist es egal.
deu,Wir müssen mehr Geschirrtücher kaufen.
deu,Es stimmt etwas nicht.
deu,"Wenn man zwischen den Zeilen liest, ist dieser Brief eine dringende Bitte nach Geld."
deu,Ich stehe am Montag und an allen Werktagen sehr früh auf.
deu,"Entschuldigung, aber ich denke, Sie liegen falsch."
deu,Die Schnittwunde war fast zwanzig Zentimeter lang.
deu,Ich habe mich wie eine Idiotin gefühlt.
deu,Er ist ein lustiger Typ.
deu,Sie spielt auf Profiniveau.
deu,"Es ist schon acht Jahre her, dass er gestorben ist."
deu,Ürümqi ist kälter als Kaxgar.
deu,Ich werde dich verpetzen!
deu,Schwimmt nicht im Fluss.
deu,"Ich denke, dass es ein wichtiges Ereignis ist."
deu,Guter Wein braucht kein Aushängeschild.
deu,"Wer in einem Streit zuerst still ist, stammt aus gutem Hause."
deu,Chinas Präsident brachte seine Freude über den Wahlsieg der griechischen Rechten zum Ausdruck.
deu,Tom stand unter der Dusche.
deu,Der Spielstand kann jetzt nicht gespeichert werden.
deu,Hast du den Wellensittich gesehen?
deu,"Für einen jungen Mann, der kein Geld hat, ist das schwierig zu bewerkstelligen."
deu,Die Führung beginnt um zehn Uhr.
deu,"Dich werde ich am meisten vermissen, Maria."
deu,Tom wird häufig hier sein müssen.
deu,Er ist ein rücksichtsloser Mensch.
deu,Schwarze Wolken kündeten das Gewitter an.
deu,Das ist meine Assistentin.
deu,"Nach kanadischem Recht ist die Muttersprache die erste Sprache, die jemand zu Hause lernt, vorausgesetzt, dass er oder sie diese Sprache zum Zeitpunkt der Volkszählung immer noch versteht."
deu,Reicht dir noch nicht diese Schmach?
deu,Die Leute wollen Interessanteres übersetzen.
deu,"Den Künstler muß nach jedem vollendeten Werk die Angst überfallen, er könne sich nicht mehr übertreffen."
deu,Ich hätte Tom nicht so spät nachts anrufen sollen.
deu,"Das Glück, das gestern mich geküsst, ist heute schon zerronnen."
deu,Du kannst dir heute freinehmen.
deu,Die Tochter strickt.
deu,"Es muss wundervoll sein, hier zu leben."
deu,Der Ausbruch des Vulkans Vesuv zerstörte die Stadt Pompeji.
deu,"Du willst wissen, wie du diese Beziehungskrise bewältigen kannst? Schreibe ihr einen freundschaftlichen Brief, der zu erkennen gibt: ich trage dir nichts nach."
deu,"Ich suche ein Programm, um diese Datei zu öffnen."
deu,"Wenn das Wichtigste ist, so zu tun, als wüsste man, was man tut, dann ist er für den Job bestens qualifiziert."
deu,Die Grundlage einer jeden Marktwirtschaft ist die Wechselwirkung von Angebot und Nachfrage.
deu,Er ist jetzt im besten Mannesalter.
deu,"Ich sagte ihr, ich sei nicht interessiert."
deu,"Ich habe vor, morgen nach Tokio zu fahren."
deu,"Wäre er nicht faul gewesen, hätte er reich sein können."
deu,Ich habe keine Fehler gefunden.
deu,Wie religiös ist der Mensch?
deu,Vier Familien kamen im Feuer ums Leben.
deu,Machst du heute Nachmittag deine Hausaufgaben?
deu,Tom kann sehr gut Französisch sprechen.
deu,"Die alte Frau hatte von Anfang an den Verdacht gehegt, dass es sich bei dem Jungen, der zur Rettung ihres Sohnes gekommen war, um ein verkleidetes Mädchen handelte."
deu,Warum hast du nicht die Initiative ergriffen?
deu,Ich habe zweitausend englische Wörter auswendig gelernt.
deu,Wo befindet sich die Einfahrt zur Tiefgarage?
deu,Tom ist ein grottenschlechter Autofahrer.
deu,Washington war der berühmteste Mann der Vereinigten Staaten von Amerika.
deu,"Tom wurden die Stimmbänder entfernt, nachdem man bei ihm Kehlkopfkrebs festgestellt hatte, und er atmet jetzt durch ein Loch im Hals."
deu,"Wie kommt es, dass du noch nicht schläfst?"
deu,"Ich frage mich beständig, ob es ein Leben nach dem Tode gibt, und wenn es eins gibt, werden sie in der Lage sein, einen Zwanziger zu wechseln?"
deu,Da war noch ein bisschen Wasser am Flaschenboden übrig.
deu,"Mit der Linken übe dich, solange die Rechte noch da ist."
deu,Ich bin echt stolz auf meinen Verein.
deu,"Bei Tatoeba immer wieder Beispielsätze hinzuzufügen, ist, überspitzt gesagt, wie onanieren."
deu,"Wer zuhört, kann nichts Falsches sagen."
deu,Tom brauchte nicht lange überzeugt zu werden.
deu,Kannst du ein Omelett zubereiten?
deu,"Obwohl Tom die Idee nicht für sonderlich sinnvoll hielt, sagte er, dass er es einmal versuchen würde."
deu,Tom scheint recht entspannt zu sein.
deu,Tom hat seine Hoffnung nicht verloren.
deu,"Jetzt lass mal sehen, was du kannst!"
deu,„Wo ist denn Tom?“ – „Der räumt sein Zimmer auf.“
deu,"Ein Metzger tut manchen vergeblichen Sprung, ein Hund noch mehr."
deu,„Wie war das Überleben in der Wildnis?“ — „Schrecklich! Ich habe nur zwei Tage durchgehalten.“
deu,Wie lange wird der Flug dauern?
deu,Wir reden nie über Politik.
deu,Tom schloss Maria in die Arme und küsste sie.
deu,"Hast du Lust, Cowboy und Indianer zu spielen?"
deu,Die politische Partei übersprang in ersten Umfragen die Fünf-Prozent-Hürde.
deu,Ich kann ohne meine Partitur nicht zur Probe gehen.
deu,Haben Sie ein japanisches Antragsformular?
deu,Nehmen Sie die rechte Straße.
deu,"Tee, Kaffee und Leckerli bringen dich ums Äckerli."
deu,Aber was tut man im Winter?
deu,Wie erreicht man diese Wirkung?
deu,Tom hat eine Menge Schriften von Maria.
deu,"Ich habe die Sätze übersetzt, die du mir gegeben hast. Wo bleibt die nächste Fuhre?"
deu,"Ich verstehe immer noch nicht, warum das passiert ist."
deu,"Die Luftröhre ist die Atemröhre eines Wirbeltieres, die Luft vom Kehlkopf in die Lunge führt. Die Luftröhre teilt sich in zwei Äste, die Bronchien genannt werden."
deu,"Könnt ihr mir sagen, wie man zum Baseballstadion kommt?"
deu,"Wird sie sich in einigen Jahren noch daran erinnern, was sie ihm versprochen hat?"
deu,Damit hatte ich kein Problem.
deu,"Ich will nicht derjenige sein, der Tom die Nachricht überbringt, dass Maria bei einem Autounfall ums Leben gekommen ist."
deu,Louis und Paul wetteiferten um Marias Gunst.
deu,"Tom weiß, wer mit Marias Auto zusammengestoßen ist."
deu,Die Leute hier tun das oft.
deu,Der Arbeitnehmerpauschbetrag wurde angehoben.
eng,Do you know why Tom and Mary aren't here today?
eng,Tom can be a little difficult to get along with.
eng,I think I should've helped Tom.
eng,The clientele seemed satisfied.
eng,It only takes me three minutes to do that.
eng,Tom is counting money.
eng,The students have an excellent gym at their disposal.
eng,We have a lot of moorhens in our pond.
eng,I wish that I hadn't done that by myself.
eng,He works in a pharmacy.
eng,You're being dishonest.
eng,Tom and I've been friends for thirty years.
eng,A woman asked me for directions.
eng,Sami lives in the garage.
eng,"If you really want to go to the art museum, I'll go with you."
eng,I can't tell jokes as well as Tom can.
eng,He said that he lost his temper.
eng,Sami paid Layla to clean his room.
eng,We must never forget what happened here.
eng,What do you guys think of me?
eng,You don't seem to like anybody here.
eng,Tom would like to get a Japanese car.
eng,"In this respect, you're right."
eng,There's no more juice.
eng,Sami wanted to burn Layla's body.
eng,The police said they wouldn't stop searching for Tom.
eng,Tom told Mary how much he loved her.
eng,He's obviously crazy about her.
eng,He's not so bad looking either.
eng,Tom is better than me.
eng,Tom didn't make it to the bathroom in time.
eng,You don't know how difficult it was for Tom.
eng,Sami still smokes weed.
eng,The house was sold for one million dollars.
eng,I need an operation.
eng,I seldom stay in Australia for more than three days.
eng,They're living their dream.
eng,It's time consuming.
eng,Tom and Mary said they needed to borrow some money.
eng,The character of men depends more on their occupations than on any teaching we can give them.
eng,It's not going to be as hard to do as you think it'll be.
eng,I'm satisfied with my job.
eng,I am prettier than you.
eng,I suppose it makes sense to go ahead and pay the bill right now.
eng,Tom said that Mary should've stayed and helped John.
eng,Both guns were unloaded.
eng,I always wanted to know what would happen if I did that.
eng,I've run out of cotton wool.
eng,She spent the day with her parents.
eng,More than five-hundred were wounded.
eng,Ziri is the producer.
eng,Tom told everybody he was determined to do that.
eng,Wise is the man who speaks little.
eng,"Hurry up, or we'll miss the train."
eng,"We translated the sentences and wrote them on the website for others to see, as well."
eng,There's nothing going on between Tom and Mary.
eng,I thought that it was Tom who did that.
eng,"When there's no separation of powers, and universal rights aren't respected, and there's unemployment, dictatorships rise."
eng,Mary already knows what she's going to do.
eng,I like to go to the park and watch the children in the playground enjoying themselves.
eng,Tom propped himself up on one elbow.
eng,She was astonished that you spoke Chinese so well.
eng,Are we getting dumber over time?
eng,Mary asked me to teach her how to drive.
eng,Jane went out of her way to be nice to the new girl.
eng,"Now that we've bought new furniture for the room, why not throw away this old, worn-out furniture?"
eng,I saw Tom grab Mary's arm.
eng,Tom cooks every day.
eng,There's no practice during school holidays.
eng,This is a crime investigation.
eng,He was taken to the hospital.
eng,Why does it take you so long to make your bed?
eng,About 150 kilometers outside Kyiv we stopped at a gas station and minimart for sandwiches and coffee.
eng,I went on board the ship.
eng,The indefinite article is used before countable nouns.
eng,His Berber is not very good.
eng,Sami hasn't even eaten in the last two days.
eng,Thanks for the milk.
eng,Tom says he isn't going to answer any questions.
eng,The teacher ran up the stairs.
eng,The nature preserve was gated.
eng,What's the deepest lake in the world?
eng,Do you think Tom is glad that's going to happen?
eng,Tom and Mary took what they wanted.
eng,"What's the difference between the verbs ""to watch"" and ""to see""?"
eng,Someone might think we're trying to steal this.
eng,I can't stop shaking my leg.
eng,The concert's going to start soon.
eng,It is difficult to separate the wheat from the chaff.
eng,Mary wouldn't tell me where she'd been.
eng,"I know this is not your choice of solution, but we have to push forward anyway."
eng,It's fun hanging out with Tom.
eng,"Drink your coffee, otherwise it'll get cold."
eng,Ziri treated Rima with respect.
eng,Tom perused the menu.
eng,I got my girlfriend's name tattooed on my arm.
eng,The museum is closed for renovations until 2020.
eng,Tom could have waited longer.
eng,Let's spend this night together.
eng,I know that Tom expected us to do that.
eng,Yanni cleans everything.
eng,Sami was a black boy.
eng,The turtle got away.
eng,I don't think Tom is going to be able to do that.
eng,I used to come here when it was a restaurant.
eng,I thought that you looked beautiful in that dress.
eng,That must be what I saw.
eng,Why are you so sure Tom and Mary are Canadians?
eng,How did you come to be there?
eng,I left it on the table.
eng,Tom and Mary will be fired if they do that again.
eng,We have to get home before Monday.
eng,Effusive people are often misunderstood as exaggerated.
eng,I'll eat when I'm hungry.
eng,Such dreadful weather!
eng,We all helped with the harvest.
eng,I have blind faith in him.
eng,I need to go for a minute.
eng,Tom said that he might go to Boston in a week or two.
eng,I no longer need a loan.
eng,He failed the exam because he didn't study.
eng,Tom is going to have a baby brother.
eng,Mary said it wasn't the first time she'd done that.
eng,We arrived about forty-five minutes after sunset.
eng,I wonder whether Tom is unmarried.
eng,"It had to be dealt with under the prevailing conditions, which was not easy."
eng,Mary crushed the box with her foot.
eng,What was the response?
eng,They can add a literal translation.
eng,Did you receive an invitation?
eng,Tom wouldn't go with us.
eng,It isn't negotiable.
eng,Those foods can be hard to resist because they contain things the body needs.
eng,Why would anyone ever do that?
eng,I assumed you'd find out sooner or later.
eng,Tom will go to the dance by himself.
eng,Algerians aren't scared of anyone.
eng,My sister has been sick.
eng,I'm sorry we didn't make a deal.
eng,Where can I study Romanian?
eng,Some experts say this is still not enough.
eng,I'm not the one who helped Tom.
eng,The heavy rain made a mess of the bonsai.
eng,Dark tourism consists in getting kicks from the world's poverty and misery.
eng,I didn't know Tom retired.
eng,I want to study physics.
eng,Tom and Mary said that was the first time they'd tried doing that.
eng,Tom might want to do some shopping.
eng,The person with the dog was so slow on the hill.
eng,Tom hasn't been the same since you left him.
eng,Akiko has several friends in France.
eng,Tom is probably just too scared.
eng,Tom's a good fellow.
eng,"In general, she is a trustworthy person."
eng,"Lately, nostalgia has been a common topic."
eng,Tom is no longer a student here.
eng,I didn't think that you were funny.
eng,It was clear Tom was expecting Mary to do that for him.
eng,How much do you have in the bank?
eng,Ziri spent most of his day in the yard.
eng,"To Ziri's horror, there was a dog silhouette standing in the hallway."
eng,"Mary said the same thing, but used more diplomatic language."
eng,I don't know how she should deal with this.
eng,The cat has started acting strangely.
eng,Tom said he doesn't think Mary really enjoys playing tennis with John.
eng,Tom said Mary was likely to be displeased.
eng,He was starting to get annoyed.
eng,Ziri is jealous of Rima's relationship with her son.
eng,I didn't tell Tom what he should buy.
eng,Mary said she won't attend the meeting.
eng,Do you want to come to my apartment and chill?
eng,Sami put the mask on.
eng,Will you be busy tomorrow morning?
eng,Are you mentally ill?
eng,Yanni was watching TV in the living room.
eng,I'm happy you're still alive.
eng,What exactly did I get wrong?
eng,May I go over to Tom's house to play?
eng,They say they're hoping to do that.
eng,That's my face right now.
eng,A word is like a bullet.
eng,Ziri had his coffee in hand.
eng,Yanni was playing outside in the yard.
eng,What does Ziri want for dinner?
eng,Can our marriage be restored?
eng,Her mediation put an end to our quarrel.
eng,She found the money gone.
eng,How many sons does Tom have?
eng,What do you believe?
eng,My arm really hurts.
eng,"And then it began to snow. April lived up to its reputation: during this one week, participants experienced all four seasons."
eng,Nine athletes from six nations competed.
eng,Lukas insisted on driving downtown.
eng,Jackals were attacking Ziri's sheep.
eng,"Because everyone is always complaining about how difficult their lives are, I'm beginning to feel like living in happiness is a crime."
eng,The dream was prophetic.
eng,Mary has left her husband.
eng,Is Algeria lying about its economic statistics?
eng,Mennad's life is going to go on.
eng,Anne choked back a mad desire to laugh.
fra,« Le Penseur » est une sculpture célèbre de Rodin.
fra,Ce ne sont que des on-dits.
fra,Ce chapitre sera consacré aux concepts de la géométrie.
fra,"« Je laverai les plats. » « Bon, je les sécherai alors. »"
fra,Ne touche pas à quoi que ce soit sans demander !
fra,Tom aime bien être seul.
fra,Les conquêtes sont faciles à faire parce qu'on les fait avec toutes ses forces : elles sont difficiles à conserver parce qu'on ne les défend qu'avec une partie de ses forces.
fra,Est-ce que ça ne serait pas plus simple que le gouvernement dissolve le peuple et s'en choisisse un autre ?
fra,"Allume une bougie, je te prie !"
fra,Ils aiment plaisanter.
fra,Le Saut de l'Ange au Venezuela est la plus haute chute d'eau du monde.
fra,Il se peut que je vous enterre.
fra,Ta chatte est en surpoids.
fra,Tom baisait Mary tout en traduisant cette phrase sur son terminal Android.
fra,Le général Gaïd Salah est un lion en Algérie mais un ver de terre en Occident et partout ailleurs.
fra,"En ce temps là, elle était occupée à un travail quelconque."
fra,Certains de ces livres étaient à lui.
fra,Qui suis-je pour te dire quoi faire ?
fra,Vous vous foutez de ma gueule ?
fra,Les soucis ne se noient pas dans l'alcool. Ils savent nager.
fra,Je souhaite te voir ce vendredi.
fra,Il travaille à domicile.
fra,Ce vêtement est échangeable dans les trois jours.
fra,Pourquoi veut-il faire ça ?
fra,Quel est l'intérêt de faire ça ?
fra,Qui a piqué mon stylo ?
fra,L'évènement commence à dix heures du soir.
fra,Je suis habituée à travailler toute la nuit.
fra,Nous t'avons cherché partout.
fra,"J'ai longtemps écouté, mais je n'ai rien entendu."
fra,Qui aime Marie aimerait Marie.
fra,Le maire dirige la ville très consciencieusement.
fra,"Contre moi, Tom est un joueur d'échecs extrêmement enthousiaste."
fra,"L'amour, c'est la vie."
fra,D'où me connais-tu ?
fra,Mary est vraiment une fille très mignonne.
fra,"À en juger d'après ce superbe bronzage, il semble que tu aies passé l'essentiel de tes vacances à la plage."
fra,J'ai déjà fini de dîner.
fra,"Ils écrivent très proprement, n'est-ce pas?"
fra,Avez-vous déjà reçu un traitement contre la syphilis ?
fra,Je veux vous plaire.
fra,Pourquoi lui as-tu dit mon nom ?
fra,Je dois cirer mes chaussures.
fra,C'est mon premier cheval.
fra,Il m'a dit que je perdais mon temps.
fra,Je mis des vêtements propres.
fra,Je serais très heureux si quelqu'un pouvait m'aider à traduire correctement cette phrase.
fra,Celui qui doit choisir est vraiment dans l'embarras.
fra,Il a l'air d'être un type bien.
fra,Le corps de la victime était criblé de balles.
fra,Faites bouillir deux tasses d'eau.
fra,Il épargne afin de pouvoir aller à l'université.
fra,La Bible nous dit d'aimer notre prochain.
fra,"En tuant l'ours, son parent, son semblable, son premier dieu, l'homme a depuis longtemps tué sa propre mémoire et s'est plus ou moins symboliquement tué lui-même."
fra,On m'a forcé à prendre des médicaments.
fra,Il faisait si froid que nous avons fait un feu.
fra,Je peux suivre les règles.
fra,Ma passion c'est le golf.
fra,Les nouvelles peuvent être consultées sur votre ordinateur.
fra,Tom a embrassé son chien.
fra,Sami est imprévisible.
fra,Les voleurs se sont carapatés avec les bijoux.
fra,Il n'y avait pas plus de cinq passagers dans le bus.
fra,Ces vêtements sont beaux mais coûteux.
fra,Que fais-tu maintenant ?
fra,Il ne sait pas où il a perdu la clé de l’appartement.
fra,"Inutile de me remercier, car tu mérites ce qu'il y a de mieux."
fra,Votre réflexion m'intéresse plus que votre résultat final.
fra,N'avez-vous rien de mieux à faire ?
fra,C'est lui qui s'assoit dessus !
fra,L'office national des droits d'auteur et des droits voisins veille au respect de sa charte.
fra,Je me suis cassé la jambe droite.
fra,Je ne suis pas sûr de son adresse.
fra,Peux-tu résoudre ce problème ?
fra,Cela pourrait prendre des jours.
fra,L'orgueil a toujours été ma bête noire.
fra,Il peut monter à cheval.
fra,Un chez soi est davantage qu'une simple construction.
fra,Je viens de France et vous ?
fra,Tu mettais le piège entre les branches.
fra,Tom l'a vue à l'aéroport.
fra,L'avion perd de l'altitude.
fra,Vous auriez probablement pu faire cela mieux.
fra,"Le destin décide qui entrera dans ta vie, mais c'est toi qui décides qui y restera."
fra,Combien de fois par jour nourris-tu ton chien ?
fra,Tu n'aurais pas dû venir si tôt.
fra,Elles se sont reposées dans leur charrette.
fra,Il ne veut pas le perdre.
fra,Je voudrais que cette réunion ne dure pas plus de dix minutes.
fra,Je ne pus rien comprendre de ce qu’il dit.
fra,Quelle tranche d'âge ciblez-vous ?
fra,Elle s'en fiche de moi.
fra,Nous nous rassemblerons tous demain soir.
fra,Vous aimez les roses ?
fra,Le train s'est arrêté brusquement.
fra,Ils en avaient marre d'attendre.
fra,Vous avez fait une grosse erreur.
fra,Ces petits friands aux Saint-Jacques sont un véritable régal.
fra,Elle fit tout ce qu'elle put pour me nuire.
fra,Elle insistait sur son innocence.
fra,Tom est un anarchiste.
fra,Je vais le descendre.
fra,J'ai l'intention d'entrer en contact.
fra,Ils ont insisté pour que j'assiste à la réunion.
fra,Je fus le premier à commencer à m'exprimer.
fra,Je suis fatigué d'être malade.
fra,Je vous conseille de ne pas me démoraliser !
fra,Vous étiez accrochées à la branche.
fra,Ils le considéraient comme un grand juge.
fra,Il est maintenant derrière les barreaux.
fra,Je vous aime beaucoup.
fra,Qu'est-ce qu'elle veut dire ?
fra,Je ne veux pas vivre tout seul.
fra,"Aucune politique de haine raciale et aucune oppression colonialiste, aussi infernale soit-elle, ne m'obligeront à quitter la Palestine."
fra,Je n'ai pas encore trouvé ce que je cherche.
fra,J'ai perdu mon argent.
fra,Je ne les défriche pas.
fra,"Si une personne est malhonnête, elle l'est jusqu'au bout."
fra,Je viens de manger des sushis et de boire une bière.
fra,Je veux être artiste.
fra,"Indiquez-moi le chemin, s'il vous plaît."
fra,Je te présente mes excuses pour cela.
fra,Ils se sont arrêtés.
fra,Ziri aime la pastèque.
fra,À quelle heure l'atterrissage de l'avion est-il prévu ?
fra,Marie allaitait sa fille.
fra,Elle ne fait rien d'autre.
fra,La cheminée est-elle propre ?
fra,"- Vous n'y allez pas par quatre chemins ! - Jamais ! Un seul, c'est plus court."
fra,"Eh bien, c'est embêtant."
fra,« Marocain ? » « Algérien. »
fra,J'ai toujours trouvé la fée Clochette très sexy.
fra,Je ne ferme pas leur voiture.
fra,Ziri a regardé la télé.
fra,J'entendis bruire les feuilles.
fra,J'aimerais acheter un appartement sur Paris.
fra,"C'est beau, dit-elle."
fra,Les sauveteurs sont là pour nous protéger.
fra,Vous devriez avoir honte !
fra,Avez-vous vérifié ceci ?
fra,Sais-tu qui est son cousin ?
fra,Je partirai si tu pars.
fra,Combien de temps as-tu été à Osaka ?
fra,Je ne comprends pas du tout cette question.
fra,"Le peuple, c'est nous."
fra,Les introvertis ont souvent du mal à se faire de nouveaux amis.
fra,Elle a débouclé sa ceinture.
fra,La parole est à toi.
fra,Elle veut commander une pizza.
fra,José Luis Jordán Peña prétendait recevoir des lettres d'une exoplanète nommée Ummo.
fra,"Comme il avait été publié à la hâte, le livre avait de nombreuses coquilles."
fra,"« Tom, alors mon café, ça vient ? » « J'arrive. Juste une minute. »"
fra,Tu dois manger tes légumes.
fra,Tom n'a jamais voulu faire ça.
fra,Émilie est chez elle.
fra,Le batteur a fait une overdose.
fra,Ils sont déjà arrivés.
fra,"Prends le conseil des ans avec bienveillance, en rendant avec grâce les armes de la jeunesse."
fra,Nous avons la croix.
fra,C'est nous qui sommes les véritables héros.
fra,Ce garçon sait vraiment bien se démerder.
fra,"Quand qu'elle m'a vu, elle est partie en courant."
fra,Il faut que nous y allions.
fra,Elle a des problèmes à l'école.
fra,Ma montre avance encore.
fra,"À cause de Tom, Mary est devenue dépressive."
fra,Sus à l'envahisseur !
fra,Il est aveugle de naissance.
fra,Les enfants détestent ennuyer les professeurs.
fra,Tom et Mary se retrouvèrent alors côte à côte au début de cette phrase et entreprirent de l'explorer.
fra,Obéis-toi à toi-même.
fra,Une fête se tient ce soir.
fra,"Ton chinois est super, déjà."
fra,Arriver à la maison.
fra,Tom est plein de charme.
fra,Donnez-moi la liberté ou donnez-moi la mort.
fra,Il collabore avec l'ennemi.
fra,Avez-vous quelque chose de très chaud?
fra,Elle a été formée comme médecin.
fra,C'est un militant libre.
fra,Le Sahara occidental est situé en Afrique du Nord.
fra,Ne lui prêtez pas attention.
fra,"Elle a emménagé dans un nouveau logement, plus confortable."
fra,Ne dors pas trop profondément !
fra,Je vois quelqu'un dans la cour.
fra,Elles voyagent jusqu’au bout du monde.
fra,"« Qui veut la paix prépare la guerre » a toujours été la parfaite excuse pour la faire, la guerre."
fra,Je sais qu'il est arrivé hier.
fra,Il semble que vous vouliez que je vous persuade de ne pas le faire.
fra,Je ne peux pas dépenser l'argent que je n'ai pas.
fra,Je sais exactement comment le corriger.
fra,Je suis désolée au sujet de la nuit dernière.
fra,Ce téléviseur est le meilleur de tous.
fra,J'y pense tout le temps.
fra,Occupé ; je vous rappellerai.
fra,Dites-lui un mot de ma part !
fra,"Hormis Tom, tout le monde savait qu'il ne devait pas faire cela."
fra,Tom ignore presque toujours mes conseils.
fra,Donne-moi un exemple.
fra,Mettez-vous en position allongée.
ita,Andiamo a insegnare qualcosa in Norvegia.
ita,Qual è il tuo gioco preferito?
ita,"Giusto per farti sapere, sono un agente dell'FBI."
ita,Ignora la richiesta di Tom.
ita,Quel negozio è chiuso il lunedì.
ita,Scegliete uno o l'altro.
ita,È vero che non ci sono serpenti in Irlanda?
ita,Non hanno visitato il Madagascar.
ita,Non possiamo essere soltanto amici?
ita,"Di che nazionalità sono le nostre sorelle? ""Marocchina."""
ita,Non vado a costruire ospedali in Austria.
ita,Loro mi chiamano capitano.
ita,Un inglese non userebbe quella parola.
ita,Mio fratello è professore.
ita,"Finirete nei guai, ed è colpa mia."
ita,Affilano i coltelli.
ita,Te lo comprerò nuovo.
ita,Non volevi andare in Messico.
ita,Non ci piace il formaggio.
ita,Andate a costruire ristoranti in Ucraina.
ita,Dimentichiamoci di loro.
ita,Tom non viene da Boston?
ita,Molti grandi uomini affrontarono grandi difficoltà durante la loro giovinezza.
ita,"Lei ha visto quel film, vero?"
ita,Ci sono molti laghi nell'area in cui vive.
ita,Lei sa dire molto in olandese?
ita,Andate a fare affari in Scozia.
ita,Non andate a costruire mausolei in Irlanda del Nord?
ita,Vedevo i carrelli che scorrevano sulle funi.
ita,Il Giappone ha un ruolo importante nella promozione della pace nel mondo.
ita,Ecco il mio prossimo acquisto!
ita,Non va a lavorare in Grecia.
ita,Non vanno a costruire grattacieli in Irlanda?
ita,"Di che nazionalità erano le tue pazienti? ""Spagnola."""
ita,"Dovresti annotarlo, prima di dimenticartene."
ita,Tom non è ancora stato catturato.
ita,Non avevo idea che foste lì.
ita,Tom ha detto che suo figlio era un bravo atleta.
ita,In quei giorni avevo l'abitudine di passeggiare prima di colazione.
ita,Mi chiedo se Tom sia ancora magro.
ita,Ha bevuto due bicchieri di vino alla festa.
ita,Non impormi le tue opinioni.
ita,Non vado a costruire fabbriche in Grecia.
ita,Perché non porti la moto a far riparare?
ita,"So cosa stai pensando. ""Cosa sto pensando?"""
ita,Stavo già commentando.
ita,Tom non è molto bravo a cantare.
ita,Sarai in grado di vederlo domani.
ita,Mi piace il mio appartamento.
ita,"Prepara la cena per Tom, per piacere."
ita,Aiutami a spostare questa scrivania.
ita,Dovresti consultare il dizionario.
ita,Adesso è più o meno mezzanotte.
ita,Va a costruire fabbriche in Etiopia.
ita,"Ma vergognatevi, fate schifo!"
ita,Penso che dovresti essere a letto.
ita,L'artista è eternamente un ragazzo.
ita,Non vanno a costruire fabbriche in Somalia?
ita,Mi faccio in quattro tutti i giorni per provvedere ai bisogni della mia famiglia.
ita,Gli uomini d'affari vanno spesso a questo ristorante.
ita,Tom è un cantante professionista.
ita,Bisogna manterere la promessa.
ita,"Io ho bisogno di piatti leggeri, perché la mia famiglia andrà a mangiare al parco oggi."
ita,Sono stata così impegnata.
ita,"Io non verrò. - ""Come non verrai?"""
ita,L'estate sta finendo?
ita,Di cosa dobbiamo cibarci?
ita,Sono sorpresa che si ricorda di lui.
ita,Che cosa si aspetta?
ita,Sarebbe meglio se tu leggessi qualche libro in più.
ita,Ti ho rubato il naso!
ita,"No, Dan va a prendere l'autobus."
ita,Ognuno impara a sue spese.
ita,Andate a costruire edifici in Portogallo?
ita,Andate a costruire biblioteche in Regno Unito.
ita,Avete promesso sarete qui.
ita,Stava attraversando la strada.
ita,Tom ha depositato un po' di soldi in banca.
ita,Che cosa ci è successo?
ita,Vai a costruire banche a Malta.
ita,"Di che nazionalità erano i suoi amici? ""Maltese."""
ita,"Per piacere, non dire niente."
ita,"Non c’è divinità se non Dio, Maometto è il Messaggero di Dio."
ita,Voi avete un telefono?
ita,Tom possiede una pizzeria.
ita,È stato molto gentile da parte tua di prestarmi un ombrello.
ita,Vai in vacanza in Germania.
ita,Agli amici di Leo piace passeggiare lungo il litorale.
ita,Non vai a costruire allevamenti in Brasile.
ita,Chi dice che io ho paura di loro?
ita,Non ho né denaro né amici.
ita,"È di buonumore oggi, vero?"
ita,Penso di pensare che se avessi pensato prima di pensare a questa soluzione sarebbe stata una bella pensata!
ita,Questo software non è utile; cancellalo.
ita,Non ne ha mai parlato.
ita,"Di che nazionalità erano le vostre professoresse? ""Finlandese."""
ita,Non sono affari suoi.
ita,Penso che Tom non sarà ultimo.
ita,Dice che non può ricordare le cose.
ita,"Visto che siete qui, potete aiutarmi."
ita,Perché non ha una fidanzata?
ita,Nel 1945 si cancella l'ideologia fascista.
ita,"Di che nazionalità sono le tue dottoresse? ""Irlandese."""
ita,Tom è un tipo molto gentile.
ita,Perché le sta aiutando?
ita,"Ho provato a risolvere il problema, però non ci sono riuscita."
ita,Va a fare nuove conoscenze in Italia.
ita,Vai a costruire case in Lettonia.
ita,Me ne vado tra un minuto.
ita,Le bambine hanno bisogno di lei.
ita,Tom non è dentro ora.
ita,Nulla sembra essere più certo della morte.
ita,Dove volevi portarmi?
ita,Dite loro che non sono qui.
ita,Perché non ci siete andati?
ita,Tom ha pagato il biglietto.
ita,Vorrei che tu lo avessi detto prima.
ita,Sono spaventato adesso.
ita,Voi avete qualche idea su come sia la mia vita?
ita,Ho sentito una fitta allo stomaco.
ita,La farfalla rappresenta anche l’impermanenza delle cose.
ita,Alexandre va spesso al supermercato.
ita,Io provo a non giudicare le decisioni dei miei amici.
ita,Siete sicuri che sia tutto finito?
ita,Non vanno a fare affari in Portogallo.
ita,"Di che nazionalità sono i suoi genitori? ""Boliviana."""
ita,Io e Tom ci sposeremo il prossimo anno.
ita,Non andate a costruire mausolei a Malta?
ita,Ziri dormì tutto il giorno.
ita,Perdo continuamente delle cose.
ita,Almeno mettono una musichetta d'attesa interessante?
ita,Io conosco questo molto bene.
ita,Andiamo a costruire ristoranti in Niger.
ita,Lasciate che faccia tutto da solo.
ita,Non sono così sicura che Tom abbia ragione.
ita,Rifiutò il suo invito.
ita,Ieri abbiamo giocato a baseball.
ita,Il vecchio castello è una rovina.
ita,Voglio che le seguiate.
ita,"Di che nazionalità sono le vostre insegnanti? ""Inglese."""
ita,Tom e Mary si sono sparati.
ita,"Come si dice ""mela"" nella tua lingua?"
ita,Vorrei avere un lavoro part-time al refettorio.
ita,Vuole imparare il berbero?
ita,Purtroppo come sai non potevo andare dal tabacchino.
ita,"I nemici mi temono, mentre gli amici mi amano."
ita,Il primo volo di Orville non è durato molto tempo.
ita,Non va a studiare in Francia.
ita,Si prenda cura di suo nonno.
ita,Volevamo tenerti informato.
ita,Penso che andrai per soldi in Arabia Saudita.
ita,Tutto ciò che può fare è aspettare.
ita,Che succhi di frutta avete?
ita,Sembrava essere colpevole.
ita,"Di che nazionalità erano le sue cugine? ""Paraguaiana."""
ita,Sono sempre i soliti discorsi?
ita,Avresti dovuto vederci correre.
ita,Chi è il tuo musicista preferito?
ita,Tu non devi credermi.
ita,Ha parlato troppo velocemente per la studentessa.
ita,Va a fare amicizie in Finlandia.
ita,Io non sono creativo.
ita,Che cos'ha in mente Tom ora?
ita,Pesava forse trecento chili.
ita,Va a costruire fattorie in Giappone.
ita,Tom e Mary lo faranno se li aiuti.
ita,L'insegnante ha scritto qualcosa sulla lavagna.
ita,Lo farei ancora se fosse necessario.
ita,Lo chiamarono codardo.
ita,Io a volte infrango le regole.
ita,È fiero delle sue figlie.
ita,Io farò qualsiasi cosa per te.
ita,Io ho bisogno della mia privacy.
ita,"Dove va per lavoro? ""A Cipro."""
ita,Nel 1957 vengono firmati a Roma i trattati CEE e CEEA.
ita,La tua situazione è irrisolvibile?
ita,Dovrei aspettarli qui?
ita,Vorremmo prenotare un viaggio per l'America.
ita,Vado a costruire strade in Danimarca?
ita,Io l'ho aiutata a tradurre questa frase così tante volte.
ita,Io farò meglio domani.
ita,Per il momento può bastare.
ita,Andiamo a costruire basi militari in Germania?
ita,La ragazza era in silenzio.
ita,Troverai qualcosa di tuo interesse.
ita,Tom è seduto dall'altra parte del tavolo rispetto a Mary.
ita,Vanno a cercare qualcuno in Argentina?
ita,Tom comprò un po' di patate.
ita,Mamma mia che spettacolo!
ita,Lei legge molto bene.
ita,Non è venuto qui da solo.
ita,Sa chi ha inventato il telegrafo?
ita,Il dado è tratto. Ripeto: il dado è tratto.
ita,Lei ha scambiato una tazza di tè per una bottiglia di vodka.
ita,Io e Tom siamo non fumatori.
ita,"Dove andremo domani? ""In Vietnam."""
ita,Rispettava le precedenze.
ita,Andiamo a costruire grattacieli in Regno Unito.
ita,Amadei considerava intelligenti gli scrittori giovani.
ita,Siamo tutte pronte per quello.
por,Não queríamos ir aos Países Baixos.
por,Eu já tenho o meu chapéu; agora procure você o seu.
por,Sangue e violência fascinam-nas.
por,Onde encontraram Tom?
por,"Deves compartilhar com teus amigos os teus bens e as tuas conquistas, não, porém, as tuas mágoas."
por,Façam o que têm de fazer.
por,Deveríamos dar a ela flores.
por,Seu trabalho foi apenas um gesto de boa vontade.
por,Eu não entendia Francês quando me mudei para cá.
por,Eu lhe dou uma carona até sua casa.
por,Ele fugiu com o diamante.
por,Este campo é pobre em água.
por,Estas tesouras já têm ferrugem.
por,A ponte está prestes a desmoronar.
por,Quem está dirigindo?
por,A esse homem falta coragem.
por,Ele é muito rabugento para comer.
por,Você não faz outra coisa além de comer.
por,Você quer um pouco de pipoca?
por,Grandes gênios têm as mais curtas biografias.
por,Querem mais um pouco de suco de maçã?
por,"Pai lê o jornal, tomando seu café da manhã."
por,Chove muito em Sendai no mês de Julho.
por,Vocês vivem no deserto?
por,Eu não sei o que vai acontecer.
por,A liberdade é inútil a menos que você a use.
por,Quem tem medo fica em casa.
por,Tudo o que eu sei é que ele não quer mais trabalhar com você.
por,Ele disse que foi ele fez isso.
por,Quem é o maior poeta na Inglaterra?
por,Você costuma ler bastante?
por,"Por favor, diga-me como chegar à casa do Tomás."
por,"Minha cara, não se preocupe com isso. Vai dar tudo certo!"
por,O Tom fez isso logo depois do almoço.
por,Eu cometi um pequeno erro.
por,Tom estava bebendo café num copo de isopor.
por,Um grande número de pessoas estava correndo na mesma direção.
por,O Tom decidiu dar para a Mary tudo o que ela pediu.
por,Você tem certeza de que é isso o que você viu?
por,Como você vai fazer isso?
por,"Você me considera uma ameaça, não é mesmo?"
por,"Por ora, estamos empurrando o problema com a barriga."
por,Eles parecem bem cansados.
por,Mas ninguém se mexeu.
por,É mais divertido nas Filipinas.
por,Sei exatamente o que você quer dizer.
por,A professor é simpática.
por,Todo dia águo as flores no jardim.
por,Ela de repente tornou-se famosa.
por,Que se entende por metafísica?
por,Você tem de confiar em você mesma!
por,"Em 1971, Pablo Neruda ganhou o Prêmio Nobel de literatura."
por,O Japão não dispõe de muitos recursos naturais.
por,Tom não sabia como abrir o cofre.
por,O que não se compreende não se pode traduzir.
por,"A bandeira do Brasil tem três cores: é verde, amarela e azul."
por,Eles são ambos bons.
por,Tom e eu vamos estar lá.
por,Tom não tentará novamente.
por,Não gosto de misturar negócios com diversão.
por,Os irmãos estão andando na praia.
por,Um bom trabalhador sempre toma conta de suas ferramentas.
por,Eu não te esquecerei.
por,Tom acha muito mais fácil falar inglês que francês.
por,"Vocês vão comigo, não é?"
por,Não te mandei ir ao supermercado?
por,A fumaça das fábricas pairava sobre a cidade.
por,As ondas do mar batem nas rochas sem parar.
por,José ordenou que os médicos que estavam a seu serviço embalsamassem o corpo de seu pai.
por,Por que você me bateu?
por,Tom e eu nunca mais se falamos.
por,O pai dela é japonês.
por,Tom e Mary estão casados faz mais de trinta anos.
por,Não quer mesmo que eu te leve para casa?
por,Não tinha ninguém na biblioteca.
por,Você fez isso de propósito.
por,"Se chover depois de amanhã, eu ficarei em casa."
por,Tom confessou ter matado a Mary?
por,Por que não escreve em berbere?
por,"A Mary está esperando lá fora, não é?"
por,Os meus pais estão vivos.
por,O que te faz pensar que isso seja dele?
por,Estou com uma depressão.
por,Com o que sonham os cães?
por,Você já viu o Tom comer?
por,"A Patagônia, localizada no sul da América do Sul, é uma região riquíssima em recursos naturais de incomparável beleza."
por,Estou com dor nos dentes.
por,Não posso esperar mais.
por,Essa província era regida por um legado.
por,Tom não conseguia parar de rir.
por,Tom é bom em fazer aviões de papel.
por,Estou procurando o ponto de ônibus.
por,Cheguei aqui aproximadamente às cinco horas.
por,Nem sei quem foi Tiradentes.
por,Eu esperava que você perguntasse isso.
por,Tom desenhou uma maçã.
por,Não tenho ideia do que você está falando.
por,"A senhora está sonhando, em vez de refletir."
por,O advogado decidiu recorrer da sentença.
por,Tom é cego de nascença.
por,Esperei por mais de uma semana.
por,Eu dei para ela outra oportunidade.
por,Meu avô morreu pouco depois de meu nascimento.
por,Nunca mais te falarei do meu primo.
por,Ela piscou rapidamenta para tentar esconder as lágrimas echendo seus olhos.
por,Ele nunca voltou para o Iraque.
por,"Com exceção do Tom, todos sabem por que a mulher dele o deixou."
por,Nós já terminamos o nosso trabalho.
por,"Em um breve momento de genialidade, eu descobri a cura para o envelhecimento."
por,Nunca estudaste checo?
por,Tom me disse que precisava de dinheiro.
por,Ele quer se encontrar com vocês.
por,Tom não vai ver Mary.
por,Ela se sentiu melhor depois de contar tudo a ele.
por,Há quantos anos você estuda francês?
por,Mary viveu em um convento por alguns meses.
por,O Tom respondeu ao e-mail da Mary.
por,Estas são as lâmpadas que vamos trocar.
por,Não posso confiar nesse homem.
por,Vou para a escola às sete.
por,Nunca mais fui a casa dos meus amigos.
por,Chapeuzinho Vermelho pegou e pôs no braço a cesta que sua avó havia entrançado.
por,Tom manteve os olhos fechados.
por,Eu quero a sua receita.
por,"Se meu irmão estivesse lá, saberia o que fazer."
por,Você já fez tudo o que deveria?
por,Dormir é um remédio perfeito.
por,Gostaria de outra xícara de café.
por,Bernardo de Vasconcelos fez oposição ao Regente Diogo Feijó.
por,O nosso amigo Pedro enlouqueceu.
por,Estamos todos no mesmo barco.
por,Esta emissora de TV dedica muito tempo à propaganda.
por,Sempre podemos tentar.
por,Ele tem orgulho de ser bom em matemática.
por,Eu não deveria ler livros desanimadores.
por,Ela tinha muito medo de cobra.
por,Você prefere visitar o Brasil ou a Argentina?
por,Poderia me permitir fazer uma observação?
por,Está nevando a noite inteira.
por,Como me pudeste fazer isto?
por,Ela não pretende ir lá sozinha.
por,O Brasil faz fronteira com todos os países da América do Sul exceto Chile e Equador.
por,Eu sei que Tom tem medo de ser demitido.
por,Tom não quer falar com você.
por,O Tom deveria ter alertado a Mary.
por,Conhecemos a maioria dos vizinhos.
por,Será que os céus falam?
por,Mary disse que poderia levá-lo.
por,Experimentou o bolo?
por,"Se o projeto de lei avançar para a Câmara, isso marcaria a segunda vez que um grupo bipartidário de senadores tentou assegurar dinheiro para a indústria dos semicondutores."
por,Nada lhe é semelhante.
por,Essa série faz o maior sucesso aqui em casa.
por,"Posso pegar esse guarda chuva? ""Não, não pode."""
por,"Posso ir na sua casa mais tarde? ""Sim, claro!"""
por,O dado está lançado.
por,Ela era favorável ao divórcio.
por,Quantas pessoas você conhece bem?
por,A rainha condecorou Tom com o título de cavaleiro.
por,Quero café com leite.
por,Eles passaram semanas pensando numa fórmula de disputa que incluísse as 130 equipes.
por,Venha para o jardim! Você vai gostar muito do seu interior.
por,A senhora deveria explorar seu talento de comediante.
por,Eles não farão nada a respeito.
por,A natação fortalece as pernas.
por,O meu avô foi soldado na guerra.
por,Eu espero ter deixado claro para você.
por,Eu nasci nesse hospital.
por,Ele já terminou os deveres.
por,Como você me chamou?
por,Eu nunca pensei que veria o Tom vivo novamente.
por,Eu não creio que isso ainda esteja funcionando.
por,Yoko interessa-se em colecionar selos.
por,A moeda da Argentina é o peso argentino.
por,Eu posso ir ao seu escritório amanhã?
por,"Não me perturbe agora, pois estou estudando."
por,Estou fazendo uma boneca para Anna.
por,"A beleza da Ana era inquestionável, de facto."
por,"Posso lhe fazer algumas perguntas? ""Perguntas sobre o quê?"""
por,As crianças pegam borboletas.
por,Você já ficou em quarentena?
por,Já sei quem vocês são.
por,"A mãe de Barack Obama, Ann Dunham, era antropóloga."
por,A vontade de voar como um pássaro no céu inspirou a invenção do avião.
por,Em breve aparecerão a lua e as estrelas.
por,Eu tenho olhos na parte de trás da minha cabeça!
por,A despesa é incomportável.
por,Tenho quase certeza de que isso é da sua amiga.
por,As regras são bem rígidas.
por,Você deveria ir na posição oposta.
por,Tom ainda é só um iniciante.
por,De quem é esse jornal?
por,Você não deve passar por cima dos outros para atingir os seus objetivos.
por,A reunião começa às três.
por,Meteu suas ações no mercado americano.
por,As duas respostas são possíveis.
por,Vocês são capazes de descrever o objeto?
por,Tom ficou de castigo por três semanas.
por,"Resumindo, a festa foi esplêndida."
por,Temos o que merecemos.
por,Eles se casaram quando ainda eram novos.
spa,"Los taxis en China son gratuitos, solo tienes que correr rápido."
spa,Déjame dar una vuelta en tu Toyota nuevo.
spa,La casa se encuentra en medio de árboles.
spa,Cuando como mucho por la noche tengo pesadillas.
spa,No voy a dejar que hagas eso.
spa,"¡Desenfunda, cobarde!"
spa,"Visto desde el cielo, el río se parecía a una enorme serpiente."
spa,Bajad cuanto queráis.
spa,Ella quiere ser diferente.
spa,Es difícil culpar a Tom.
spa,¡Tus hijos son unos demonios!
spa,El fallo es el mejor entrenador.
spa,La besé sin decir una palabra.
spa,No se pueden establecer reglas invariables sobre este punto.
spa,¿Cuántas preguntas había en el test?
spa,Los niños siempre están corriendo por la calle.
spa,Cuando vi la rueda suelta en medio de la carretera tuve que frenar en seco.
spa,Ayúdanos y te damos el pasaporte.
spa,"En este discurso, María habla de la memoria y promete enseñar todas las técnicas que la hicieron campeona en memorización."
spa,Los colémbolos son invertebrados diminutos que habitan en diversos ambientes húmedos.
spa,Usted ya no me agrada.
spa,Espero que esto no ocurra otra vez.
spa,"Ahora que lo mencionas, no he visto a Tom recientemente."
spa,Yo sólo quería volver a tener mi antigua vida.
spa,Ella la aterrorizaba.
spa,"Si no lo aguantas, ríndete y haz lo que yo, tu hermana mayor, te pedí."
spa,Pareces bastante duro.
spa,Me gustan las tartas.
spa,Discute sólo por el gusto de discutir.
spa,"El dinero, por sí solo, no proporciona la felicidad."
spa,Su meta en la vida es ser estrella de cine.
spa,No se habla de ratas.
spa,Dejé mi paraguas en el taxi.
spa,Brasil es muy rico; su riqueza es inmensa; el café es una de sus mayores riquezas.
spa,Probablemente llegaré tarde al trabajo.
spa,"Leyendo e intercambiando opiniones, uno adquiere sabiduría y aprende a tolerar diferentes puntos de vista."
spa,La noche del sábado eché una cana al aire.
spa,Nadie le dio importancia a sus palabras.
spa,Creo que voy a conseguir escribir rápido.
spa,Se me durmió la mano.
spa,Algunas estrellas no pueden verse a simple vista.
spa,La moderna literatura finlandesa data de la publicación del Kálevala.
spa,No estoy seguro de que puedas ser de mucha ayuda.
spa,Parece que se debe a un defecto.
spa,"Las crías de saltamontes son una versión pequeña del insecto, no una larva."
spa,¿Le gusta San Francisco?
spa,Tienes talento para decir lo correcto en el momento adecuado.
spa,Me siento desamparado.
spa,He cambiado la bandera.
spa,Hay que cortarlas en rodajas.
spa,Ya te he dicho que no.
spa,Desayuné a las ocho.
spa,Esa bicicleta estática fue un regalo de mi club de fans.
spa,Me parece que mi reloj podría estar estropeado.
spa,Dicen que era una actriz en su juventud.
spa,Pienso que os hayáis ido demasiado lejos.
spa,Fuimos a dar un paseo en el bosque.
spa,Las bayas se consumen más en Francia que en España.
spa,Tom compró unas zanahorias.
spa,Por favor hable más alto.
spa,"Al haber vivido en Tokio, conozco bien la ciudad."
spa,Tom no le teme a nada.
spa,Mary le dijo a Tom: «Empecemos con una frasecita y después ya veremos...»
spa,Tomás trabajaba con María.
spa,Recuerdo esa música.
spa,El dentista me pidió que me quedara quieto.
spa,En la vestimenta destaca su aire desenfadado y desaliñado.
spa,Sus instrucciones no eran buenas.
spa,¿Qué zapatos son demasiado pequeños?
spa,Mary aún no se ha operado de anginas.
spa,Hay que usar la barca para llegar a la isla.
spa,La tela tiene un tacto suave.
spa,Simplemente quiero devolvérselo.
spa,Tendrá que recogerla.
spa,¿Por qué no nos contaste esto antes?
spa,Me alegra que sepáis la verdad.
spa,Apareció con un collar elegantísimo.
spa,Tomás es más rápido de lo que pensás.
spa,Es habitual salir en Nochevieja para celebrar la llegada del Año Nuevo.
spa,No es recomendable dejar el aparato telefónico fuera de la base por mucho tiempo. Se consume mucha batería.
spa,Terminaré en una hora.
spa,El teléfono sonó cada pocos minutos.
spa,Tenés que llamar a Tom.
spa,"Quien llegue último, perderá."
spa,¿Hay alguien en este cuarto?
spa,Necesito hablar dos palabras con usted.
spa,Ellos lo iniciaron hace tiempo y ahora les afecta. Es un efecto búmeran de libro.
spa,Por fin pude hacerlo.
spa,A este cuarto no le llega mucho sol.
spa,Me gusta añadir wakame a las ensaladas que hago.
spa,Mi herida afortunadamente está desapareciendo rápido.
spa,Hablaré en tu favor.
spa,Tom es el más joven en su familia.
spa,El calor se apaga automáticamente cuando la habitación alcanza cierta temperatura.
spa,Decir eso trae mala suerte.
spa,¿Sabes qué color le gusta?
spa,Alguien te dio algo.
spa,Los esperaremos allá.
spa,"No se puede votar por la salida de un dictador, se le debe derrocar."
spa,Quiero comprarme un triturador de basura.
spa,¿A qué conclusiones podemos llegar tras la lectura de este texto?
spa,El teléfono fue inventado por Bell en 1876.
spa,Me gustaría confirmar nuestras reservas.
spa,No hay persona que no quiera a su familia.
spa,Mucha gente cree que la acupuntura puede curar las enfermedades.
spa,No me queda ni un rato para leer.
spa,Tom y Mary dejaron de abrazarse.
spa,He visitado más de 10 países hasta ahora.
spa,¿Puedo ir a jugar afuera?
spa,No te bañes que el mar está hoy con una resaca muy fuerte.
spa,¡El conductor ha dicho que no tenemos frenos!
spa,"¿Qué preferís, té o café?"
spa,Tom hizo el examen realmente bien.
spa,Esta clase de gatos no tiene cola.
spa,No puedo ver por el humo.
spa,El hotel en que vive está en el centro.
spa,"Si te dijera la verdad, estarías sorprendido."
spa,El médico le aconsejó no comer entre comidas.
spa,"En caso de necesidad, cualquiera con la intención de bautizar puede hacerlo, aunque no esté bautizado."
spa,Ella es muy curiosa.
spa,Tom tiene malos modales en la mesa.
spa,¡Eso es todo un logro!
spa,No podía dormir por el dolor de tripa.
spa,Daremos una entrevista por la tarde.
spa,Lo último que vi fue su siniestro rostro.
spa,Mary y sus amigas terminaron la fiesta de pijamas sollozando de emoción.
spa,¿Puedo hacerte algunas preguntas más?
spa,San Crispin es el santo patrón de los zapateros porque se dice que él trabajó como uno de ellos.
spa,Él perdió su vida en un accidente.
spa,Este río es hermoso.
spa,Tom toca la flauta mejor que Mary.
spa,Tu almohada está sucia.
spa,Soy favorable a la democracia.
spa,No puedes crear algo que no puedas imaginar.
spa,"Siendo hijo único, fue el único heredero."
spa,Es interesante jugar al baloncesto.
spa,Puede que mi padre esté dormido.
spa,Vas a tener problemas y es culpa mía.
spa,"¿Por qué? Porque su familia necesitaba el dinero, por eso."
spa,¿Pensáis que estoy gordo?
spa,Él se rompió dos costillas y se perforó el pulmón.
spa,No recuerdo cómo volví a casa.
spa,A Tom no le importa mucho lo que piensen los demás de él.
spa,Me puso muy feliz recibir tu llamada.
spa,En ese momento me pareció una buena idea.
spa,Él partió para Nueva York hace una semana.
spa,Muchos moluscos viven dentro de un caracol porque tienen un cuerpo suave y delicado que necesita protección.
spa,Te aseguro que no vas a poder hacerlo sin ayuda.
spa,¿Por qué no me dices?
spa,Tenemos que reducir el costo a un mínimo.
spa,Ellos la pagan bien.
spa,No seremos nosotros quienes consintamos algo tan subrepticio e injusto.
spa,"La respuesta a la pregunta, quién disparó primero, es crucial."
spa,"Por suerte, el tratamiento fue solo ineficaz y no peligroso."
spa,Usted debe comenzar pronto.
spa,Sus hermanas ambas son bellas.
spa,El trabajo hay que terminarlo sobre la marcha.
spa,Tom quizá sepa algo.
spa,¿Es así como me ves?
spa,Vimos monos en el zoo.
spa,Este es nuestro enésimo intento y aún no lo hemos logrado.
spa,Los estudiantes están en el salón.
spa,"Si te estacionas así, no podré salirme del carro."
spa,¿A qué hora llegó ella al Aeropuerto de Narita?
spa,¿Puedo beber alcohol?
spa,Supe de inmediato que algo no andaba bien.
spa,Siempre juegan al fútbol después de la escuela.
spa,"Su talón aparte, Aquiles era invulnerable."
spa,"En los años 50, los finlandeses fueron mencionados como los poseedores de una de las dietas menos saludables del mundo."
spa,Las hormigas son el plato preferido de los cerdos hormigueros.
spa,No sé dónde encontrarte.
spa,"Tú eres lista, pero yo también."
spa,¿A qué hora salimos mañana?
spa,"Habría ido al cine con todos vosotros, pero desafortunadamente me dolía la cabeza."
spa,Fred habló a su esposa de los objetivos que tenía que cumplir.
spa,Déjame darte un abrazo.
spa,Nunca duermo más de seis horas.
spa,Esta no es mi llave.
spa,Donde más contento estoy es en la escuela.
spa,"No es bueno. ""Sí, en eso tienes razón."""
spa,Las cuentas en el libro fueron escritos para ella.
spa,Hace mucho tiempo que conocemos a Paulo.
spa,El equipo encajó un gol a los veinte minutos.
spa,Copié en mi cuaderno lo que él escribió en la pizarra.
spa,Anoche cenó en mi casa.
spa,¿Cuánto cuesta la manzana?
spa,Tiene una salud delicada.
spa,Tom está jugando con su hijo.
spa,¿Puede decirme por qué Tom está haciendo eso?
spa,Tengo que escribir un informe para el próximo lunes.
spa,Tom trató de convencer a María de quedarse en Boston.
spa,Tu comportamiento no me hace nada de gracia.
spa,Son demasiado peligrosos.
spa,Siempre le da sueño después de comer.
spa,"Así es, es nuestra directora."
spa,Me recuerdo lo que vi.
spa,No hablo francés. Tampoco hablo inglés.
spa,"Seguí así, que lograrás muchas cosas."
spa,Es mejor estar con gente inteligente en el infierno que con tontos en el paraíso.
spa,Me lo encontré mientras estaba en Japón.
